env_id,episode,meta_step,phase,phase_j,action_sub,base_action_idx,action_str,reward,deviation_exploded,C1A1_gate_ok,High_gate_ok,C1,A1,A2,B2,A3,S3,C3
3,9,1,HIGH,0,10,10,A3 10%,-13.330488464355467,False,False,False,-0.7,1.0,153.9,481.4,2287.5,2011.3,-2922.0
3,9,1,HIGH,1,25,30,C3 30%,-13.330488464355467,False,False,False,7.1,5.4,58.5,373.0,2287.5,1632.4,-1864.2
3,9,1,HIGH,2,11,11,A3 20%,-13.330488464355467,False,False,False,7.1,5.4,58.5,373.0,2287.5,1632.4,-1864.2
3,9,2,C1A1,0,7,35,C1 10%,,False,False,False,6.5,5.4,58.5,373.0,2287.5,1632.4,-1864.2
3,9,2,C1A1,1,3,23,A1 50%,,False,False,False,6.6,2.3,58.5,373.0,2287.5,1632.4,-1864.2
3,9,2,C1A1,2,0,20,A1 10%,,False,False,False,6.6,1.9,58.5,373.0,2287.5,1632.4,-1864.2
3,9,2,C1A1,3,2,22,A1 30%,,False,False,False,6.4,2.0,58.5,373.0,2287.5,1632.4,-1864.2
3,9,2,C1A1,4,0,20,A1 10%,,False,False,False,6.4,2.0,58.5,373.0,2287.5,1632.4,-1864.2
3,9,2,C1A1,5,2,22,A1 30%,,False,False,False,6.4,2.0,58.5,373.0,2287.5,1632.4,-1864.2
3,9,2,C1A1,6,8,36,C1 15%,,False,False,False,5.4,2.1,58.5,373.0,2287.5,1632.4,-1864.2
3,9,2,C1A1,7,9,37,C1 20%,,False,False,False,4.8,1.9,58.5,373.0,2287.5,1632.4,-1864.2
3,9,2,C1A1,8,3,23,A1 50%,,False,False,False,4.8,1.2,58.5,373.0,2287.5,1632.4,-1864.2
3,9,2,C1A1,9,6,34,C1 5%,,False,False,False,4.8,1.2,58.5,373.0,2287.5,1632.4,-1864.2
3,9,2,C1A1,10,4,24,A1 100%,,False,False,False,2.8,5.2,58.5,373.0,2287.5,1632.4,-1864.2
3,9,2,C1A1,11,4,24,A1 100%,,False,False,False,1.5,0.3,58.5,373.0,2287.5,1632.4,-1864.2
3,9,2,C1A1,12,3,23,A1 50%,,False,False,False,1.3,0.8,58.5,373.0,2287.5,1632.4,-1864.2
3,9,2,C1A1,13,9,37,C1 20%,,False,False,False,0.8,0.8,58.5,373.0,2287.5,1632.4,-1864.2
3,9,2,HIGH,0,13,13,A3 50%,-8.142821006774902,False,False,False,0.8,0.8,58.5,373.0,563.9,1632.4,-1864.2
3,9,2,HIGH,1,5,5,B2 10%,-8.142821006774902,False,False,False,5.6,3.1,58.5,347.1,563.9,1632.4,-1864.2
3,9,2,HIGH,2,17,17,S3 30%,-8.142821006774902,False,False,False,17.1,5.4,79.6,358.2,437.3,810.5,-2091.1
3,9,3,C1A1,0,11,39,C1 50%,,False,False,False,9.3,5.8,79.6,358.2,437.3,810.5,-2091.1
3,9,3,C1A1,1,2,22,A1 30%,,False,False,False,8.8,1.7,79.6,358.2,437.3,810.5,-2091.1
3,9,3,C1A1,2,11,39,C1 50%,,False,False,False,4.6,1.6,79.6,358.2,437.3,810.5,-2091.1
3,9,3,C1A1,3,6,34,C1 5%,,False,False,False,4.5,1.6,79.6,358.2,437.3,810.5,-2091.1
3,9,3,C1A1,4,2,22,A1 30%,,False,False,False,4.4,1.9,79.6,358.2,437.3,810.5,-2091.1
3,9,3,C1A1,5,3,23,A1 50%,,False,False,False,3.9,1.2,79.6,358.2,437.3,810.5,-2091.1
3,9,3,C1A1,6,2,22,A1 30%,,False,False,False,4.2,1.7,79.6,358.2,437.3,810.5,-2091.1
3,9,3,C1A1,7,1,21,A1 20%,,False,False,False,4.0,2.0,79.6,358.2,437.3,810.5,-2091.1
3,9,3,C1A1,8,1,21,A1 20%,,False,False,False,4.0,2.1,79.6,358.2,437.3,810.5,-2091.1
3,9,3,C1A1,9,1,21,A1 20%,,False,False,False,3.8,2.1,79.6,358.2,437.3,810.5,-2091.1
3,9,3,C1A1,10,2,22,A1 30%,,False,False,False,3.2,2.0,79.6,358.2,437.3,810.5,-2091.1
3,9,3,C1A1,11,2,22,A1 30%,,False,False,False,3.2,2.0,79.6,358.2,437.3,810.5,-2091.1
3,9,3,C1A1,12,2,22,A1 30%,,False,False,False,3.2,2.0,79.6,358.2,437.3,810.5,-2091.1
3,9,3,C1A1,13,9,37,C1 20%,,False,False,False,3.2,2.0,79.6,358.2,437.3,810.5,-2091.1
3,9,3,C1A1,14,0,20,A1 10%,,False,False,False,3.3,2.0,79.6,358.2,437.3,810.5,-2091.1
3,9,3,C1A1,15,2,22,A1 30%,,False,False,False,3.2,2.0,79.6,358.2,437.3,810.5,-2091.1
3,9,3,C1A1,16,3,23,A1 50%,,False,False,False,2.3,1.2,79.6,358.2,437.3,810.5,-2091.1
3,9,3,C1A1,17,1,21,A1 20%,,False,False,False,2.3,2.0,79.6,358.2,437.3,810.5,-2091.1
3,9,3,C1A1,18,3,23,A1 50%,,False,False,False,2.3,1.2,79.6,358.2,437.3,810.5,-2091.1
3,9,3,C1A1,19,6,34,C1 5%,,False,False,False,2.2,1.2,79.6,358.2,437.3,810.5,-2091.1
3,9,3,C1A1,20,3,23,A1 50%,,False,False,False,3.4,0.6,79.6,358.2,437.3,810.5,-2091.1
3,9,3,C1A1,21,11,39,C1 50%,,False,False,False,1.8,0.7,79.6,358.2,437.3,810.5,-2091.1
3,9,3,C1A1,22,7,35,C1 10%,,False,False,False,1.7,0.9,79.6,358.2,437.3,810.5,-2091.1
3,9,3,C1A1,23,11,39,C1 50%,,False,False,False,1.8,0.8,79.6,358.2,437.3,810.5,-2091.1
3,9,3,C1A1,24,0,20,A1 10%,,False,False,False,1.8,1.9,79.6,358.2,437.3,810.5,-2091.1
3,9,3,C1A1,25,3,23,A1 50%,,False,False,False,1.4,1.2,79.6,358.2,437.3,810.5,-2091.1
3,9,3,C1A1,26,2,22,A1 30%,,False,False,False,1.4,1.2,79.6,358.2,437.3,810.5,-2091.1
3,9,3,C1A1,27,2,22,A1 30%,,False,False,False,1.4,1.2,79.6,358.2,437.3,810.5,-2091.1
3,9,3,C1A1,28,2,22,A1 30%,,False,False,False,1.3,1.7,79.6,358.2,437.3,810.5,-2091.1
3,9,3,C1A1,29,0,20,A1 10%,,False,False,False,1.3,2.0,79.6,358.2,437.3,810.5,-2091.1
3,9,3,C1A1,30,3,23,A1 50%,,False,False,False,1.2,1.3,79.6,358.2,437.3,810.5,-2091.1
3,9,3,HIGH,0,5,5,B2 10%,-6.350314878845215,False,False,False,5.9,3.6,79.6,329.9,437.3,810.5,-2091.1
3,9,3,HIGH,1,21,26,C3 5%,-6.350314878845215,False,False,False,6.8,4.2,70.4,314.4,437.3,758.8,-1958.6
3,9,3,HIGH,2,18,18,S3 50%,-6.350314878845215,False,False,False,14.7,6.8,94.0,365.8,278.3,79.2,-2200.6
3,9,4,C1A1,0,2,22,A1 30%,,False,False,False,14.4,1.4,94.0,365.8,278.3,79.2,-2200.6
3,9,4,C1A1,1,3,23,A1 50%,,False,False,False,14.3,0.8,94.0,365.8,278.3,79.2,-2200.6
3,9,4,C1A1,2,8,36,C1 15%,,False,False,False,12.7,1.1,94.0,365.8,278.3,79.2,-2200.6
3,9,4,C1A1,3,12,40,C1 100%,,False,False,False,1.1,1.3,94.0,365.8,278.3,79.2,-2200.6
3,9,4,HIGH,0,13,13,A3 50%,-4.419964418029785,False,False,False,1.1,1.3,94.0,365.8,81.6,79.2,-2200.6
3,9,4,HIGH,1,9,9,B2 100%,-4.419964418029785,False,False,False,48.4,24.9,94.0,54.3,81.6,79.2,-2200.6
3,9,4,HIGH,2,9,9,B2 100%,-4.419964418029785,False,False,False,57.4,29.3,94.0,69.1,81.6,79.2,-2200.6
3,9,5,C1A1,0,0,20,A1 10%,,False,False,False,56.6,16.0,94.0,69.1,81.6,79.2,-2200.6
3,9,5,C1A1,1,1,21,A1 20%,,False,False,False,55.7,4.2,94.0,69.1,81.6,79.2,-2200.6
3,9,5,C1A1,2,2,22,A1 30%,,False,False,False,55.7,4.2,94.0,69.1,81.6,79.2,-2200.6
3,9,5,C1A1,3,3,23,A1 50%,,False,False,False,56.1,2.1,94.0,69.1,81.6,79.2,-2200.6
3,9,5,C1A1,4,10,38,C1 30%,,False,False,False,42.8,2.3,94.0,69.1,81.6,79.2,-2200.6
3,9,5,C1A1,5,4,24,A1 100%,,False,False,False,42.8,3.3,94.0,69.1,81.6,79.2,-2200.6
3,9,5,C1A1,6,7,35,C1 10%,,False,False,False,39.3,3.4,94.0,69.1,81.6,79.2,-2200.6
3,9,5,C1A1,7,1,21,A1 20%,,False,False,False,39.0,1.9,94.0,69.1,81.6,79.2,-2200.6
3,9,5,C1A1,8,3,23,A1 50%,,False,False,False,39.2,1.2,94.0,69.1,81.6,79.2,-2200.6
3,9,5,C1A1,9,3,23,A1 50%,,False,False,False,39.2,0.6,94.0,69.1,81.6,79.2,-2200.6
3,9,5,C1A1,10,6,34,C1 5%,,False,False,False,37.5,0.7,94.0,69.1,81.6,79.2,-2200.6
3,9,5,C1A1,11,2,22,A1 30%,,False,False,False,37.3,1.3,94.0,69.1,81.6,79.2,-2200.6
3,9,5,C1A1,12,4,24,A1 100%,,False,False,False,38.5,5.0,94.0,69.1,81.6,79.2,-2200.6
3,9,5,C1A1,13,1,21,A1 20%,,False,False,False,38.0,1.4,94.0,69.1,81.6,79.2,-2200.6
3,9,5,C1A1,14,9,37,C1 20%,,False,False,False,32.1,1.7,94.0,69.1,81.6,79.2,-2200.6
3,9,5,C1A1,15,7,35,C1 10%,,False,False,False,29.6,1.9,94.0,69.1,81.6,79.2,-2200.6
3,9,5,C1A1,16,0,20,A1 10%,,False,False,False,29.6,2.0,94.0,69.1,81.6,79.2,-2200.6
3,9,5,C1A1,17,11,39,C1 50%,,False,False,False,17.5,1.3,94.0,69.1,81.6,79.2,-2200.6
3,9,5,C1A1,18,0,20,A1 10%,,False,False,False,17.3,2.0,94.0,69.1,81.6,79.2,-2200.6
3,9,5,C1A1,19,2,22,A1 30%,,False,False,False,16.8,2.0,94.0,69.1,81.6,79.2,-2200.6
3,9,5,C1A1,20,3,23,A1 50%,,False,False,False,16.1,1.2,94.0,69.1,81.6,79.2,-2200.6
3,9,5,C1A1,21,3,23,A1 50%,,False,False,False,15.9,0.7,94.0,69.1,81.6,79.2,-2200.6
3,9,5,C1A1,22,3,23,A1 50%,,False,False,False,15.6,0.1,94.0,69.1,81.6,79.2,-2200.6
3,9,5,C1A1,23,4,24,A1 100%,,False,False,False,15.6,8.2,94.0,69.1,81.6,79.2,-2200.6
3,9,5,C1A1,24,9,37,C1 20%,,False,False,False,15.6,8.2,94.0,69.1,81.6,79.2,-2200.6
3,9,5,C1A1,25,8,36,C1 15%,,False,False,False,15.6,8.2,94.0,69.1,81.6,79.2,-2200.6
3,9,5,C1A1,26,5,33,C1 1%,,False,False,False,15.5,8.1,94.0,69.1,81.6,79.2,-2200.6
3,9,5,C1A1,27,3,23,A1 50%,,False,False,False,15.5,8.1,94.0,69.1,81.6,79.2,-2200.6
3,9,5,C1A1,28,5,33,C1 1%,,False,False,False,15.4,8.1,94.0,69.1,81.6,79.2,-2200.6
3,9,5,C1A1,29,0,20,A1 10%,,False,False,False,15.4,8.1,94.0,69.1,81.6,79.2,-2200.6
3,9,5,C1A1,30,11,39,C1 50%,,False,False,False,8.9,7.9,94.0,69.1,81.6,79.2,-2200.6
3,9,5,C1A1,31,7,35,C1 10%,,False,False,False,8.0,7.7,94.0,69.1,81.6,79.2,-2200.6
3,9,5,C1A1,32,3,23,A1 50%,,False,False,False,6.9,2.6,94.0,69.1,81.6,79.2,-2200.6
3,9,5,C1A1,33,9,37,C1 20%,,False,False,False,5.5,2.6,94.0,69.1,81.6,79.2,-2200.6
3,9,5,C1A1,34,11,39,C1 50%,,False,False,False,3.3,1.8,94.0,69.1,81.6,79.2,-2200.6
3,9,5,C1A1,35,2,22,A1 30%,,False,False,False,3.3,1.8,94.0,69.1,81.6,79.2,-2200.6
3,9,5,C1A1,36,8,36,C1 15%,,False,False,False,2.8,1.9,94.0,69.1,81.6,79.2,-2200.6
3,9,5,C1A1,37,12,40,C1 100%,,False,False,False,-0.4,2.2,94.0,69.1,81.6,79.2,-2200.6
3,9,5,HIGH,0,2,2,A2 30%,-3.557762889957428,False,False,False,1.4,5.7,42.6,68.1,81.6,79.2,-2200.6
3,9,5,HIGH,1,21,26,C3 5%,-3.557762889957428,False,False,False,2.3,6.3,29.4,57.5,81.6,24.6,-2074.1
3,9,5,HIGH,2,23,28,C3 15%,-3.557762889957428,False,False,False,5.4,8.0,6.9,25.5,81.6,149.0,-1663.9
3,9,6,C1A1,0,11,39,C1 50%,,False,False,False,2.7,7.9,6.9,25.5,81.6,149.0,-1663.9
3,9,6,C1A1,1,0,20,A1 10%,,False,False,False,2.3,1.2,6.9,25.5,81.6,149.0,-1663.9
3,9,6,C1A1,2,2,22,A1 30%,,False,False,False,2.0,1.7,6.9,25.5,81.6,149.0,-1663.9
3,9,6,C1A1,3,2,22,A1 30%,,False,False,False,2.0,1.7,6.9,25.5,81.6,149.0,-1663.9
3,9,6,C1A1,4,11,39,C1 50%,,False,False,False,2.0,1.7,6.9,25.5,81.6,149.0,-1663.9
3,9,6,C1A1,5,8,36,C1 15%,,False,False,False,1.8,1.8,6.9,25.5,81.6,149.0,-1663.9
3,9,6,C1A1,6,6,34,C1 5%,,False,False,False,1.7,1.9,6.9,25.5,81.6,149.0,-1663.9
3,9,6,C1A1,7,4,24,A1 100%,,False,False,False,1.7,1.9,6.9,25.5,81.6,149.0,-1663.9
3,9,6,C1A1,8,7,35,C1 10%,,False,False,False,1.4,1.8,6.9,25.5,81.6,149.0,-1663.9
3,9,6,C1A1,9,11,39,C1 50%,,False,False,False,0.1,1.6,6.9,25.5,81.6,149.0,-1663.9
3,9,6,HIGH,0,22,27,C3 10%,-2.852189171218872,False,False,False,1.4,2.7,14.7,10.9,81.6,98.3,-1482.5
3,9,6,HIGH,1,15,15,S3 10%,-2.852189171218872,False,False,False,1.4,2.7,14.7,10.9,81.6,98.3,-1482.5
3,9,6,HIGH,2,4,4,A2 100%,-2.852189171218872,False,False,False,2.5,6.5,139.9,49.5,81.6,98.3,-1482.5
3,9,7,C1A1,0,12,40,C1 100%,,False,False,False,1.3,7.5,139.9,49.5,81.6,98.3,-1482.5
3,9,7,C1A1,1,3,23,A1 50%,,False,False,False,0.3,2.6,139.9,49.5,81.6,98.3,-1482.5
3,9,7,C1A1,2,8,36,C1 15%,,False,False,False,0.1,2.6,139.9,49.5,81.6,98.3,-1482.5
3,9,7,C1A1,3,8,36,C1 15%,,False,False,False,0.2,2.6,139.9,49.5,81.6,98.3,-1482.5
3,9,7,C1A1,4,0,20,A1 10%,,False,False,False,0.3,1.8,139.9,49.5,81.6,98.3,-1482.5
3,9,7,HIGH,0,23,28,C3 15%,-2.0298731607437133,False,False,False,2.3,2.8,97.9,34.2,81.6,22.3,-1262.1
3,9,7,HIGH,1,25,30,C3 30%,-2.0298731607437133,False,False,False,5.4,4.9,29.3,4.5,81.6,215.6,-709.4
3,9,7,HIGH,2,1,1,A2 20%,-2.0298731607437133,False,False,False,5.8,5.5,17.7,7.0,81.6,215.6,-709.4
3,9,8,C1A1,0,6,34,C1 5%,,False,True,False,5.5,5.5,17.7,7.0,81.6,215.6,-709.4
3,9,8,C1A1,1,4,24,A1 100%,,False,True,False,5.1,0.7,17.7,7.0,81.6,215.6,-709.4
3,9,8,C1A1,2,4,24,A1 100%,,False,True,False,5.4,6.3,17.7,7.0,81.6,215.6,-709.4
3,9,8,C1A1,3,8,36,C1 15%,,False,True,False,4.7,6.2,17.7,7.0,81.6,215.6,-709.4
3,9,8,C1A1,4,3,23,A1 50%,,False,True,False,4.7,6.2,17.7,7.0,81.6,215.6,-709.4
3,9,8,C1A1,5,8,36,C1 15%,,False,True,False,3.8,6.1,17.7,7.0,81.6,215.6,-709.4
3,9,8,C1A1,6,5,33,C1 1%,,False,True,False,3.8,6.1,17.7,7.0,81.6,215.6,-709.4
3,9,8,C1A1,7,1,21,A1 20%,,False,True,False,3.5,0.9,17.7,7.0,81.6,215.6,-709.4
3,9,8,C1A1,8,11,39,C1 50%,,False,True,False,1.6,1.1,17.7,7.0,81.6,215.6,-709.4
3,9,8,C1A1,9,3,23,A1 50%,,False,True,False,1.6,0.6,17.7,7.0,81.6,215.6,-709.4
3,9,8,C1A1,10,11,39,C1 50%,,False,True,False,0.6,0.4,17.7,7.0,81.6,215.6,-709.4
3,9,8,HIGH,0,11,11,A3 20%,-1.7204515233993531,False,True,False,0.6,0.4,17.7,7.0,54.6,215.6,-709.4
3,9,8,HIGH,1,3,3,A2 50%,-1.7204515233993531,False,True,False,0.6,0.4,17.7,7.0,54.6,215.6,-709.4
3,9,8,HIGH,2,7,7,B2 30%,-1.7204515233993531,False,True,False,1.0,0.4,17.7,11.8,54.6,215.6,-709.4
3,9,9,HIGH,0,9,9,B2 100%,-1.681211810296774,False,False,False,3.2,3.5,17.7,1.6,54.6,215.6,-709.4
3,9,9,HIGH,1,20,25,C3 1%,-1.681211810296774,False,False,False,3.3,3.6,17.0,0.7,54.6,213.4,-704.0
3,9,9,HIGH,2,20,25,C3 1%,-1.681211810296774,False,False,False,3.3,3.6,17.7,0.5,54.6,210.1,-694.4
3,9,10,C1A1,0,8,36,C1 15%,,False,False,False,2.7,3.8,17.7,0.5,54.6,210.1,-694.4
3,9,10,C1A1,1,2,22,A1 30%,,False,False,False,2.3,2.0,17.7,0.5,54.6,210.1,-694.4
3,9,10,C1A1,2,8,36,C1 15%,,False,False,False,1.7,2.0,17.7,0.5,54.6,210.1,-694.4
3,9,10,C1A1,3,7,35,C1 10%,,False,False,False,1.6,2.2,17.7,0.5,54.6,210.1,-694.4
3,9,10,C1A1,4,5,33,C1 1%,,False,False,False,1.5,2.1,17.7,0.5,54.6,210.1,-694.4
3,9,10,C1A1,5,8,36,C1 15%,,False,False,False,1.3,2.4,17.7,0.5,54.6,210.1,-694.4
3,9,10,C1A1,6,1,21,A1 20%,,False,False,False,1.4,2.0,17.7,0.5,54.6,210.1,-694.4
3,9,10,C1A1,7,2,22,A1 30%,,False,False,False,1.8,2.0,17.7,0.5,54.6,210.1,-694.4
3,9,10,C1A1,8,1,21,A1 20%,,False,False,False,1.5,2.1,17.7,0.5,54.6,210.1,-694.4
3,9,10,C1A1,9,3,23,A1 50%,,False,False,False,1.0,1.3,17.7,0.5,54.6,210.1,-694.4
3,9,10,HIGH,0,7,7,B2 30%,-1.510926484489441,False,False,False,0.8,1.0,17.7,12.7,54.6,210.1,-694.4
3,9,10,HIGH,1,23,28,C3 15%,-1.510926484489441,False,False,False,1.7,1.5,13.1,13.5,54.6,163.6,-550.0
3,9,10,HIGH,2,1,1,A2 20%,-1.510926484489441,False,False,False,1.7,1.8,38.1,17.8,54.6,163.6,-550.0
3,9,11,C1A1,0,2,22,A1 30%,,False,False,False,1.6,1.9,38.1,17.8,54.6,163.6,-550.0
3,9,11,C1A1,1,8,36,C1 15%,,False,False,False,1.3,2.0,38.1,17.8,54.6,163.6,-550.0
3,9,11,C1A1,2,4,24,A1 100%,,False,False,False,1.1,3.8,38.1,17.8,54.6,163.6,-550.0
3,9,11,C1A1,3,11,39,C1 50%,,False,False,False,0.5,3.3,38.1,17.8,54.6,163.6,-550.0
3,9,11,C1A1,4,0,20,A1 10%,,False,False,False,0.5,1.5,38.1,17.8,54.6,163.6,-550.0
3,9,11,HIGH,0,11,11,A3 20%,-1.2654321731567382,False,False,False,0.5,1.5,38.1,17.8,24.3,163.6,-550.0
3,9,11,HIGH,1,23,28,C3 15%,-1.2654321731567382,False,False,False,1.4,1.9,47.1,13.1,24.3,120.4,-456.3
3,9,11,HIGH,2,14,14,A3 100%,-1.2654321731567382,False,False,False,1.4,1.9,47.1,13.1,44.0,120.4,-456.3
3,9,12,C1A1,0,9,37,C1 20%,,False,False,False,1.0,2.0,47.1,13.1,44.0,120.4,-456.3
3,9,12,HIGH,0,25,30,C3 30%,3.8863349349975596,False,False,False,2.1,2.3,14.6,8.1,44.0,71.6,-372.2
3,9,12,HIGH,1,18,18,S3 50%,3.8863349349975596,False,False,False,2.1,2.2,52.3,5.3,44.9,30.2,-597.2
3,9,12,HIGH,2,0,0,A2 10%,3.8863349349975596,False,False,False,2.4,2.9,49.9,4.1,44.9,30.2,-597.2
3,9,13,C1A1,0,1,21,A1 20%,,False,True,False,1.9,2.0,49.9,4.1,44.9,30.2,-597.2
3,9,13,C1A1,1,1,21,A1 20%,,False,True,False,1.6,2.1,49.9,4.1,44.9,30.2,-597.2
3,9,13,C1A1,2,11,39,C1 50%,,False,True,False,-0.0,3.1,49.9,4.1,44.9,30.2,-597.2
3,9,13,C1A1,3,11,39,C1 50%,,False,True,False,0.4,3.8,49.9,4.1,44.9,30.2,-597.2
3,9,13,C1A1,4,11,39,C1 50%,,False,True,False,-0.6,3.3,49.9,4.1,44.9,30.2,-597.2
3,9,13,C1A1,5,3,23,A1 50%,,False,True,False,-1.4,1.8,49.9,4.1,44.9,30.2,-597.2
3,9,13,C1A1,6,7,35,C1 10%,,False,True,False,-1.2,1.7,49.9,4.1,44.9,30.2,-597.2
3,9,13,C1A1,7,6,34,C1 5%,,False,True,False,-1.2,1.7,49.9,4.1,44.9,30.2,-597.2
3,9,13,C1A1,8,2,22,A1 30%,,False,True,False,-1.6,1.9,49.9,4.1,44.9,30.2,-597.2
3,9,13,C1A1,9,5,33,C1 1%,,False,True,False,-1.6,1.9,49.9,4.1,44.9,30.2,-597.2
3,9,13,C1A1,10,3,23,A1 50%,,False,True,False,-1.9,1.2,49.9,4.1,44.9,30.2,-597.2
3,9,13,C1A1,11,7,35,C1 10%,,False,True,False,-1.8,1.3,49.9,4.1,44.9,30.2,-597.2
3,9,13,C1A1,12,2,22,A1 30%,,False,True,False,-1.6,1.7,49.9,4.1,44.9,30.2,-597.2
3,9,13,C1A1,13,4,24,A1 100%,,False,True,False,-0.9,4.3,49.9,4.1,44.9,30.2,-597.2
3,9,13,C1A1,14,2,22,A1 30%,,False,True,False,-1.4,2.0,49.9,4.1,44.9,30.2,-597.2
3,9,13,C1A1,15,11,39,C1 50%,,False,True,False,-0.2,2.5,49.9,4.1,44.9,30.2,-597.2
3,9,13,C1A1,16,4,24,A1 100%,,False,True,False,-2.5,3.0,49.9,4.1,44.9,30.2,-597.2
3,9,13,C1A1,17,2,22,A1 30%,,False,True,False,-2.8,2.1,49.9,4.1,44.9,30.2,-597.2
3,9,13,C1A1,18,3,23,A1 50%,,False,True,False,-2.0,1.3,49.9,4.1,44.9,30.2,-597.2
3,9,13,C1A1,19,3,23,A1 50%,,False,True,False,-2.0,0.8,49.9,4.1,44.9,30.2,-597.2
3,9,13,C1A1,20,6,34,C1 5%,,False,True,False,-2.0,0.7,49.9,4.1,44.9,30.2,-597.2
3,9,13,C1A1,21,2,22,A1 30%,,False,True,False,-2.2,1.3,49.9,4.1,44.9,30.2,-597.2
3,9,13,C1A1,22,2,22,A1 30%,,False,True,False,-2.0,1.8,49.9,4.1,44.9,30.2,-597.2
3,9,13,C1A1,23,9,37,C1 20%,,False,True,False,-1.9,2.2,49.9,4.1,44.9,30.2,-597.2
3,9,13,C1A1,24,3,23,A1 50%,,False,True,False,-1.9,1.4,49.9,4.1,44.9,30.2,-597.2
3,9,13,C1A1,25,6,34,C1 5%,,False,True,False,-1.9,1.3,49.9,4.1,44.9,30.2,-597.2
3,9,13,C1A1,26,9,37,C1 20%,,False,True,False,-1.6,1.1,49.9,4.1,44.9,30.2,-597.2
3,9,13,C1A1,27,5,33,C1 1%,,False,True,False,-1.6,1.1,49.9,4.1,44.9,30.2,-597.2
3,9,13,C1A1,28,6,34,C1 5%,,False,True,False,-1.5,1.2,49.9,4.1,44.9,30.2,-597.2
3,9,13,C1A1,29,8,36,C1 15%,,False,True,False,-1.5,1.4,49.9,4.1,44.9,30.2,-597.2
3,9,13,C1A1,30,3,23,A1 50%,,False,True,False,-3.3,0.9,49.9,4.1,44.9,30.2,-597.2
3,9,13,C1A1,31,2,22,A1 30%,,False,True,False,-3.6,1.5,49.9,4.1,44.9,30.2,-597.2
3,9,13,C1A1,32,3,23,A1 50%,,False,True,False,-3.8,0.9,49.9,4.1,44.9,30.2,-597.2
3,9,13,C1A1,33,2,22,A1 30%,,False,True,False,-3.8,1.5,49.9,4.1,44.9,30.2,-597.2
3,9,13,C1A1,34,0,20,A1 10%,,False,True,False,-3.8,1.5,49.9,4.1,44.9,30.2,-597.2
3,9,13,C1A1,35,1,21,A1 20%,,False,True,False,-3.6,2.0,49.9,4.1,44.9,30.2,-597.2
3,9,13,C1A1,36,2,22,A1 30%,,False,True,False,-4.0,2.0,49.9,4.1,44.9,30.2,-597.2
3,9,13,C1A1,37,8,36,C1 15%,,False,True,False,-3.4,2.0,49.9,4.1,44.9,30.2,-597.2
3,9,13,C1A1,38,1,21,A1 20%,,False,True,False,-3.4,2.0,49.9,4.1,44.9,30.2,-597.2
3,9,13,C1A1,39,11,39,C1 50%,,False,True,False,-1.7,2.2,49.9,4.1,44.9,30.2,-597.2
3,9,13,C1A1,40,7,35,C1 10%,,False,True,False,-1.8,2.3,49.9,4.1,44.9,30.2,-597.2
3,9,13,C1A1,41,1,21,A1 20%,,False,True,False,-1.6,2.1,49.9,4.1,44.9,30.2,-597.2
3,9,13,C1A1,42,2,22,A1 30%,,False,True,False,-1.8,2.0,49.9,4.1,44.9,30.2,-597.2
3,9,13,C1A1,43,8,36,C1 15%,,False,True,False,-1.6,2.0,49.9,4.1,44.9,30.2,-597.2
3,9,13,C1A1,44,3,23,A1 50%,,False,True,False,-2.0,1.3,49.9,4.1,44.9,30.2,-597.2
3,9,13,C1A1,45,8,36,C1 15%,,False,True,False,-1.7,1.2,49.9,4.1,44.9,30.2,-597.2
3,9,13,C1A1,46,9,37,C1 20%,,False,True,False,-1.5,1.2,49.9,4.1,44.9,30.2,-597.2
3,9,13,C1A1,47,9,37,C1 20%,,False,True,False,-1.0,1.2,49.9,4.1,44.9,30.2,-597.2
3,9,13,HIGH,0,2,2,A2 30%,-1.2471240795135499,False,True,False,-1.0,1.2,49.9,4.1,44.9,30.2,-597.2
3,9,13,HIGH,1,12,12,A3 30%,-1.2471240795135499,False,True,False,-1.0,1.2,49.9,4.1,60.3,30.2,-597.2
3,9,13,HIGH,2,20,25,C3 1%,-1.2471240795135499,False,True,False,-1.0,1.2,49.9,4.1,60.3,30.2,-597.2
3,9,14,HIGH,0,22,27,C3 10%,-1.1408018604993821,False,True,False,-0.6,1.4,58.3,2.8,60.3,3.6,-526.4
3,9,14,HIGH,1,22,27,C3 10%,-1.1408018604993821,False,True,False,-0.1,1.7,41.3,9.3,60.3,20.1,-458.6
3,9,14,HIGH,2,18,18,S3 50%,-1.1408018604993821,False,True,False,-0.2,1.0,119.2,28.1,87.6,15.9,-411.8
3,9,15,HIGH,0,27,32,C3 100%,-0.9461420797348024,False,False,False,2.2,3.6,88.9,47.9,87.6,35.9,113.2
3,9,15,HIGH,1,22,27,C3 10%,-0.9461420797348024,False,False,False,2.2,3.7,94.3,44.1,87.6,36.6,67.6
3,9,15,HIGH,2,27,32,C3 100%,-0.9461420797348024,False,False,False,4.1,2.4,126.7,5.0,87.6,79.7,296.6
3,9,16,C1A1,0,11,39,C1 50%,,False,False,False,2.1,2.6,126.7,5.0,87.6,79.7,296.6
3,9,16,C1A1,1,1,21,A1 20%,,False,False,False,2.0,2.0,126.7,5.0,87.6,79.7,296.6
3,9,16,C1A1,2,11,39,C1 50%,,False,False,False,1.0,2.2,126.7,5.0,87.6,79.7,296.6
3,9,16,HIGH,0,15,15,S3 10%,-1.2841104810714723,False,False,False,1.0,2.2,126.7,5.0,87.6,79.7,296.6
3,9,16,HIGH,1,2,2,A2 30%,-1.2841104810714723,False,False,False,3.3,7.2,141.0,23.4,87.6,79.7,296.6
3,9,16,HIGH,2,9,9,B2 100%,-1.2841104810714723,False,False,False,6.5,7.1,141.0,40.7,87.6,79.7,296.6
3,9,17,C1A1,0,11,39,C1 50%,,False,False,False,6.5,7.1,141.0,40.7,87.6,79.7,296.6
3,9,17,C1A1,1,5,33,C1 1%,,False,False,False,6.5,7.1,141.0,40.7,87.6,79.7,296.6
3,9,17,C1A1,2,1,21,A1 20%,,False,False,False,6.5,7.1,141.0,40.7,87.6,79.7,296.6
3,9,17,C1A1,3,9,37,C1 20%,,False,False,False,4.8,7.1,141.0,40.7,87.6,79.7,296.6
3,9,17,C1A1,4,10,38,C1 30%,,False,False,False,3.4,7.0,141.0,40.7,87.6,79.7,296.6
3,9,17,C1A1,5,2,22,A1 30%,,False,False,False,3.3,1.3,141.0,40.7,87.6,79.7,296.6
3,9,17,C1A1,6,0,20,A1 10%,,False,False,False,3.3,2.0,141.0,40.7,87.6,79.7,296.6
3,9,17,C1A1,7,0,20,A1 10%,,False,False,False,3.3,2.0,141.0,40.7,87.6,79.7,296.6
3,9,17,C1A1,8,0,20,A1 10%,,False,False,False,3.4,2.0,141.0,40.7,87.6,79.7,296.6
3,9,17,C1A1,9,11,39,C1 50%,,False,False,False,2.0,1.8,141.0,40.7,87.6,79.7,296.6
3,9,17,C1A1,10,0,20,A1 10%,,False,False,False,1.9,2.0,141.0,40.7,87.6,79.7,296.6
3,9,17,C1A1,11,2,22,A1 30%,,False,False,False,1.5,2.0,141.0,40.7,87.6,79.7,296.6
3,9,17,C1A1,12,1,21,A1 20%,,False,False,False,1.3,2.1,141.0,40.7,87.6,79.7,296.6
3,9,17,C1A1,13,6,34,C1 5%,,False,False,False,1.1,2.0,141.0,40.7,87.6,79.7,296.6
3,9,17,HIGH,0,11,11,A3 20%,-1.1353557738304139,False,False,False,1.1,2.0,141.0,40.7,70.0,79.7,296.6
3,9,17,HIGH,1,1,1,A2 20%,-1.1353557738304139,False,False,False,3.2,5.9,114.9,25.7,70.0,79.7,296.6
3,9,17,HIGH,2,25,30,C3 30%,-1.1353557738304139,False,False,False,3.7,6.3,155.0,13.3,70.0,9.8,145.6
3,9,18,C1A1,0,1,21,A1 20%,,False,True,False,3.7,6.3,155.0,13.3,70.0,9.8,145.6
3,9,18,C1A1,1,1,21,A1 20%,,False,True,False,3.3,0.8,155.0,13.3,70.0,9.8,145.6
3,9,18,C1A1,2,1,21,A1 20%,,False,True,False,3.3,0.8,155.0,13.3,70.0,9.8,145.6
3,9,18,C1A1,3,1,21,A1 20%,,False,True,False,3.1,1.7,155.0,13.3,70.0,9.8,145.6
3,9,18,C1A1,4,11,39,C1 50%,,False,True,False,2.1,1.3,155.0,13.3,70.0,9.8,145.6
3,9,18,C1A1,5,10,38,C1 30%,,False,True,False,1.3,1.0,155.0,13.3,70.0,9.8,145.6
3,9,18,C1A1,6,2,22,A1 30%,,False,True,False,0.9,1.6,155.0,13.3,70.0,9.8,145.6
3,9,18,HIGH,0,10,10,A3 10%,-0.7541749453544617,False,True,False,0.9,1.6,155.0,13.3,58.2,9.8,145.6
3,9,18,HIGH,1,24,29,C3 20%,-0.7541749453544617,False,True,False,1.0,1.4,141.2,19.3,58.2,5.3,62.0
3,9,18,HIGH,2,11,11,A3 20%,-0.7541749453544617,False,True,False,1.0,1.4,141.2,19.3,34.4,5.3,62.0
3,9,19,HIGH,0,18,18,S3 50%,-0.7670853129386903,False,True,False,0.8,1.5,108.4,18.6,33.9,22.0,-18.0
3,9,19,HIGH,1,14,14,A3 100%,-0.7670853129386903,False,True,False,0.8,1.5,108.4,18.6,165.4,22.0,-18.0
3,9,19,HIGH,2,24,29,C3 20%,-0.7670853129386903,False,True,False,1.0,1.4,121.5,8.0,165.4,69.8,-41.2
3,9,20,HIGH,0,7,7,B2 30%,-0.940945241212845,False,False,False,1.8,1.6,121.5,17.2,165.4,69.8,-41.2
3,9,20,HIGH,1,3,3,A2 50%,-0.940945241212845,False,False,False,6.7,9.6,113.4,18.8,165.4,69.8,-41.2
3,9,20,HIGH,2,23,28,C3 15%,-0.940945241212845,False,False,False,6.8,9.6,112.7,3.1,165.4,62.6,-28.2
3,9,21,C1A1,0,10,38,C1 30%,,False,False,False,5.2,9.4,112.7,3.1,165.4,62.6,-28.2
3,9,21,C1A1,1,6,34,C1 5%,,False,False,False,4.9,9.4,112.7,3.1,165.4,62.6,-28.2
3,9,21,C1A1,2,0,20,A1 10%,,False,False,False,4.6,2.3,112.7,3.1,165.4,62.6,-28.2
3,9,21,C1A1,3,6,34,C1 5%,,False,False,False,4.4,2.3,112.7,3.1,165.4,62.6,-28.2
3,9,21,C1A1,4,1,21,A1 20%,,False,False,False,4.2,2.1,112.7,3.1,165.4,62.6,-28.2
3,9,21,C1A1,5,1,21,A1 20%,,False,False,False,4.1,2.1,112.7,3.1,165.4,62.6,-28.2
3,9,21,C1A1,6,1,21,A1 20%,,False,False,False,4.1,2.1,112.7,3.1,165.4,62.6,-28.2
3,9,21,C1A1,7,0,20,A1 10%,,False,False,False,3.9,1.9,112.7,3.1,165.4,62.6,-28.2
3,9,21,C1A1,8,2,22,A1 30%,,False,False,False,3.7,2.0,112.7,3.1,165.4,62.6,-28.2
3,9,21,C1A1,9,6,34,C1 5%,,False,False,False,3.5,2.0,112.7,3.1,165.4,62.6,-28.2
3,9,21,C1A1,10,0,20,A1 10%,,False,False,False,3.5,2.0,112.7,3.1,165.4,62.6,-28.2
3,9,21,C1A1,11,12,40,C1 100%,,False,False,False,0.8,0.8,112.7,3.1,165.4,62.6,-28.2
3,9,21,HIGH,0,3,3,A2 50%,-0.6868316681861878,False,False,False,3.3,9.3,51.1,37.8,165.4,62.6,-28.2
3,9,21,HIGH,1,23,28,C3 15%,-0.6868316681861878,False,False,False,3.8,9.1,37.4,37.1,165.4,50.6,5.1
3,9,21,HIGH,2,11,11,A3 20%,-0.6868316681861878,False,False,False,3.8,9.1,37.4,37.1,105.2,50.6,5.1
3,9,22,C1A1,0,3,23,A1 50%,,False,True,False,2.6,2.7,37.4,37.1,105.2,50.6,5.1
3,9,22,C1A1,1,9,37,C1 20%,,False,True,False,2.0,2.7,37.4,37.1,105.2,50.6,5.1
3,9,22,C1A1,2,5,33,C1 1%,,False,True,False,2.0,2.8,37.4,37.1,105.2,50.6,5.1
3,9,22,C1A1,3,8,36,C1 15%,,False,True,False,1.8,2.7,37.4,37.1,105.2,50.6,5.1
3,9,22,C1A1,4,3,23,A1 50%,,False,True,False,1.7,1.6,37.4,37.1,105.2,50.6,5.1
3,9,22,C1A1,5,1,21,A1 20%,,False,True,False,1.6,2.0,37.4,37.1,105.2,50.6,5.1
3,9,22,C1A1,6,2,22,A1 30%,,False,True,False,1.6,2.0,37.4,37.1,105.2,50.6,5.1
3,9,22,C1A1,7,2,22,A1 30%,,False,True,False,1.4,2.0,37.4,37.1,105.2,50.6,5.1
3,9,22,C1A1,8,7,35,C1 10%,,False,True,False,1.0,2.1,37.4,37.1,105.2,50.6,5.1
3,9,22,HIGH,0,11,11,A3 20%,-0.5200262830257416,False,True,False,1.0,2.1,37.4,37.1,50.2,50.6,5.1
3,9,22,HIGH,1,11,11,A3 20%,-0.5200262830257416,False,True,False,1.0,2.1,37.4,37.1,53.8,50.6,5.1
3,9,22,HIGH,2,14,14,A3 100%,-0.5200262830257416,False,True,False,1.0,2.1,37.4,37.1,142.8,50.6,5.1
3,9,23,HIGH,0,12,12,A3 30%,-0.8310129117012024,False,False,False,1.0,2.1,37.4,37.1,64.5,50.6,5.1
3,9,23,HIGH,1,2,2,A2 30%,-0.8310129117012024,False,False,False,1.6,3.5,69.8,38.9,64.5,50.6,5.1
3,9,23,HIGH,2,27,32,C3 100%,-0.8310129117012024,False,False,False,1.5,3.2,223.3,32.1,64.5,31.8,297.9
3,9,24,C1A1,0,12,40,C1 100%,,False,False,False,1.5,3.2,223.3,32.1,64.5,31.8,297.9
3,9,24,C1A1,1,1,21,A1 20%,,False,False,False,1.5,3.2,223.3,32.1,64.5,31.8,297.9
3,9,24,C1A1,2,2,22,A1 30%,,False,False,False,1.1,2.1,223.3,32.1,64.5,31.8,297.9
3,9,24,HIGH,0,19,19,S3 100%,-1.2918566573143007,False,False,False,1.1,2.1,223.3,32.1,64.5,31.8,297.9
3,9,24,HIGH,1,7,7,B2 30%,-1.2918566573143007,False,False,False,2.6,2.4,223.3,3.1,64.5,31.8,297.9
3,9,24,HIGH,2,4,4,A2 100%,-1.2918566573143007,False,False,False,16.0,33.1,40.5,110.6,64.5,31.8,297.9
3,9,25,C1A1,0,7,35,C1 10%,,False,False,False,14.6,33.2,40.5,110.6,64.5,31.8,297.9
3,9,25,C1A1,1,6,34,C1 5%,,False,False,False,13.9,33.2,40.5,110.6,64.5,31.8,297.9
3,9,25,C1A1,2,2,22,A1 30%,,False,False,False,11.0,6.1,40.5,110.6,64.5,31.8,297.9
3,9,25,C1A1,3,3,23,A1 50%,,False,False,False,10.7,2.4,40.5,110.6,64.5,31.8,297.9
3,9,25,C1A1,4,10,38,C1 30%,,False,False,False,7.8,2.3,40.5,110.6,64.5,31.8,297.9
3,9,25,C1A1,5,11,39,C1 50%,,False,False,False,3.4,1.8,40.5,110.6,64.5,31.8,297.9
3,9,25,C1A1,6,12,40,C1 100%,,False,False,False,-0.0,2.7,40.5,110.6,64.5,31.8,297.9
3,9,25,C1A1,7,2,22,A1 30%,,False,False,False,0.3,2.1,40.5,110.6,64.5,31.8,297.9
3,9,25,HIGH,0,7,7,B2 30%,-0.9583927947998048,False,False,False,4.9,4.4,40.5,87.1,64.5,31.8,297.9
3,9,25,HIGH,1,27,32,C3 100%,-0.9583927947998048,False,False,False,7.3,6.1,59.8,120.0,64.5,73.5,-97.4
3,9,25,HIGH,2,0,0,A2 10%,-0.9583927947998048,False,False,False,7.7,6.8,16.0,118.1,64.5,73.5,-97.4
3,9,26,C1A1,0,12,40,C1 100%,,False,False,False,1.4,6.9,16.0,118.1,64.5,73.5,-97.4
3,9,26,C1A1,1,3,23,A1 50%,,False,False,False,0.7,2.5,16.0,118.1,64.5,73.5,-97.4
3,9,26,C1A1,2,2,22,A1 30%,,False,False,False,0.5,2.1,16.0,118.1,64.5,73.5,-97.4
3,9,26,HIGH,0,10,10,A3 10%,-0.8420204898834227,False,False,False,0.5,2.1,16.0,118.1,72.3,73.5,-97.4
3,9,26,HIGH,1,3,3,A2 50%,-0.8420204898834227,False,False,False,1.3,2.8,4.3,118.5,72.3,73.5,-97.4
3,9,26,HIGH,2,2,2,A2 30%,-0.8420204898834227,False,False,False,1.3,2.8,4.3,118.5,72.3,73.5,-97.4
3,9,27,C1A1,0,3,23,A1 50%,,False,False,False,0.6,1.7,4.3,118.5,72.3,73.5,-97.4
3,9,27,HIGH,0,9,9,B2 100%,-0.8078562662124633,False,False,False,0.6,1.7,4.3,118.5,72.3,73.5,-97.4
3,9,27,HIGH,1,5,5,B2 10%,-0.8078562662124633,False,False,False,2.3,2.5,4.3,102.2,72.3,73.5,-97.4
3,9,27,HIGH,2,3,3,A2 50%,-0.8078562662124633,False,False,False,1.9,2.5,14.2,102.0,72.3,73.5,-97.4
3,9,28,C1A1,0,0,20,A1 10%,,False,False,False,1.7,1.8,14.2,102.0,72.3,73.5,-97.4
3,9,28,C1A1,1,3,23,A1 50%,,False,False,False,1.0,1.2,14.2,102.0,72.3,73.5,-97.4
3,9,28,HIGH,0,11,11,A3 20%,-0.8188410537719727,False,False,False,1.0,1.2,14.2,102.0,82.2,73.5,-97.4
3,9,28,HIGH,1,5,5,B2 10%,-0.8188410537719727,False,False,False,2.5,1.8,14.2,88.8,82.2,73.5,-97.4
3,9,28,HIGH,2,1,1,A2 20%,-0.8188410537719727,False,False,False,2.7,1.9,13.8,102.7,82.2,73.5,-97.4
3,9,29,C1A1,0,8,36,C1 15%,,False,False,False,2.1,2.1,13.8,102.7,82.2,73.5,-97.4
3,9,29,C1A1,1,11,39,C1 50%,,False,False,False,0.6,1.8,13.8,102.7,82.2,73.5,-97.4
3,9,29,HIGH,0,26,31,C3 50%,-0.7319846378326416,False,False,False,1.0,1.4,30.5,40.0,82.2,46.8,-183.4
3,9,29,HIGH,1,0,0,A2 10%,-0.7319846378326416,False,False,False,1.3,1.8,22.1,41.4,82.2,46.8,-183.4
3,9,29,HIGH,2,11,11,A3 20%,-0.7319846378326416,False,False,False,1.3,1.8,22.1,41.4,51.5,46.8,-183.4
3,9,30,C1A1,0,7,35,C1 10%,,False,False,True,1.2,1.8,22.1,41.4,51.5,46.8,-183.4
3,9,30,C1A1,1,2,22,A1 30%,,False,False,True,1.2,1.8,22.1,41.4,51.5,46.8,-183.4
3,9,30,C1A1,2,5,33,C1 1%,,False,False,True,1.2,1.8,22.1,41.4,51.5,46.8,-183.4
3,9,30,C1A1,3,7,35,C1 10%,,False,False,True,1.1,1.8,22.1,41.4,51.5,46.8,-183.4
3,9,30,HIGH,0,4,4,A2 100%,14.443959356689453,False,False,True,3.3,3.3,16.8,9.0,51.5,46.8,-183.4
3,9,30,HIGH,1,9,9,B2 100%,14.443959356689453,False,False,True,3.3,3.3,16.8,9.0,51.5,46.8,-183.4
3,9,30,HIGH,2,12,12,A3 30%,14.443959356689453,False,False,True,3.3,3.3,16.8,9.0,33.1,46.8,-183.4
